<?xml version="1.0" encoding="UTF-8" ?>
<!DOCTYPE mapper
        PUBLIC "-//mybatis.org//DTD Mapper 3.0//EN"
        "http://mybatis.org/dtd/mybatis-3-mapper.dtd">

<!--namespace=绑定一个指定的Dao/Mapper接口-->
<mapper namespace="com.work.pinkweb.Company.Mapper.CompanyAdminMapper">
    <resultMap id="CompanyAdminEntityMap" type="com.work.pinkweb.Entity.CompanyAdmin">
        <id column="ea_id" property="ea_id" jdbcType="BIGINT"/>
        <result property="e_id" column="e_id"/>
        <result property="em_applyaccount" column="em_applyaccount"/>
        <result property="em_currentaccount" column="em_currentaccount"/>
        <result property="em_vipauthority" column="em_vipauthority"/>
        <result property="is_delete" column="is_delete"/>
        <association property="company" javaType="com.work.pinkweb.Entity.Company">
           <id column="e_id" property="e_id" jdbcType="BIGINT"/>
            <result property="e_name" column="e_name"/>
            <result property="e_type" column="e_type"/>
            <result property="e_address" column="e_address"/>
            <result property="e_operationstatus" column="e_operationstatus"/>
            <result property="e_introduction" column="e_introduction"/>
            <result property="e_businessscope" column="e_businessscope"/>
            <result property="e_size" column="e_size"/>
            <result property="e_registeredcapital" column="e_registeredcapital"/>
            <result property="e_legalrepresentative" column="e_legalrepresentative"/>
            <result property="e_registeredaddress" column="e_registeredaddress"/>
            <result property="e_executive" column="e_executive"/>
            <result property="e_position" column="e_position"/>
            <result property="e_establishtime" column="e_establishtime"/>
            <result property="e_operationstatus" column="e_operationstatus"/>
            <result property="e_registeredaddress" column="e_registeredaddress"/>
            <result property="e_unifiedcreditcode" column="e_unifiedcreditcode"/>
            <result property="e_introduction" column="e_introduction"/>
            <result property="e_executive_intro" column="e_executive_intro"/>
            <result property="e_logo" column="e_logo"/>
            <collection  property="companyHrList" ofType="com.work.pinkweb.Entity.CompanyHr">
                <id property="ehr_id" column="ehr_id" jdbcType="BIGINT" />
                <result property="ehr_applyaccount" column="ehr_applyaccount"/>
                <result property="ehr_currentaccount" column="ehr_currentaccount"/>
                <result property="ehr_collect" column="ehr_collect"/>
                <result property="ehr_vipauthority" column="ehr_vipauthority"/>
                <result property="ehr_jobnum" column="ehr_jobnum"/>
                <result property="ehr_vx" column="ehr_vx"/>
                <result property="ehr_position" column="ehr_position"/>
                <result property="is_delete" column="is_delete"/>
                <association property="user" javaType="com.work.pinkweb.Entity.User">
                    <id column="id" property="id" jdbcType="BIGINT"/>
                    <result property="name" column="name"/>
                    <result property="phone" column="phone"/>
                    <result property="created_time" column="created_time"/>
                </association>
            </collection>
        </association>
        <association property="user" javaType="com.work.pinkweb.Entity.User">
            <id column="id" property="id" jdbcType="BIGINT"/>
            <result property="name" column="name"/>
            <result property="phone" column="phone"/>
            <result property="created_time" column="created_time"/>
        </association>
    </resultMap>

    <select id="getCompanyInfo" resultMap="CompanyAdminEntityMap">
        select ea.ea_id,u.name,ei.*
        from enterprise_admin ea
        left join user u on ea.ea_id=u.id
        left join enterprise_info ei on ei.e_id=ea.e_id

        where ea_id=#{ea_id}
    </select>
    <select id="getCompanyHrList" resultMap="CompanyAdminEntityMap">
       select eh.*,u.* from enterprise_admin ea
       left join enterprise_hr eh on eh.enterprise_id=ea.e_id
       left join user u on u.id=eh.ehr_id
        where ea_id=#{ea_id}
    </select>
</mapper>